H,platform,features,model,n,pos,cv_roc_auc,cv_pr_auc,thr,precision,recall,f1,material_recall,ece
60,Tiktok,base+creator,"hgb(lr=0.03,leaves=15,min_leaf=20)",1296,482,0.9859,0.9841,0.74,0.9846,0.9315,0.9574,0.9315,0.0174
60,Tiktok,base+creator,"hgb(lr=0.03,leaves=15,min_leaf=40)",1296,482,0.9865,0.9854,0.62,0.9764,0.9461,0.961,0.9461,0.0155
60,Tiktok,base+creator,"hgb(lr=0.03,leaves=31,min_leaf=20)",1296,482,0.9853,0.9839,0.69,0.9762,0.9378,0.9566,0.9378,0.0192
60,Tiktok,base+creator,"hgb(lr=0.03,leaves=31,min_leaf=40)",1296,482,0.9866,0.9853,0.66,0.9806,0.9419,0.9608,0.9419,0.015
60,Tiktok,base+creator,"hgb(lr=0.06,leaves=15,min_leaf=20)",1296,482,0.9863,0.985,0.7,0.9805,0.9398,0.9597,0.9398,0.0181
60,Tiktok,base+creator,"hgb(lr=0.06,leaves=15,min_leaf=40)",1296,482,0.9866,0.9853,0.66,0.9805,0.9398,0.9597,0.9398,0.0209
60,Tiktok,base+creator,"hgb(lr=0.06,leaves=31,min_leaf=20)",1296,482,0.9863,0.9851,0.67,0.9826,0.9398,0.9608,0.9398,0.0193
60,Tiktok,base+creator,"hgb(lr=0.06,leaves=31,min_leaf=40)",1296,482,0.9865,0.9854,0.66,0.9805,0.9398,0.9597,0.9398,0.0197
60,Tiktok,base+creator,random_forest(min_leaf=3),1296,482,0.9863,0.9843,0.48,0.9643,0.9523,0.9582,0.9523,0.0444
60,Tiktok,base+creator,random_forest(min_leaf=10),1296,482,0.9852,0.9825,0.56,0.9739,0.9274,0.9501,0.9274,0.0556
60,Tiktok,base+creator,extra_trees(min_leaf=3),1296,482,0.986,0.9829,0.53,0.9784,0.9378,0.9576,0.9378,0.0565
60,Tiktok,base+creator,extra_trees(min_leaf=10),1296,482,0.9831,0.9789,0.45,0.9577,0.9398,0.9487,0.9398,0.0836
60,Tiktok,base+creator+jump+cnorm,"hgb(lr=0.03,leaves=15,min_leaf=20)",1296,482,0.9866,0.9859,0.65,0.9763,0.9398,0.9577,0.9398,0.0164
60,Tiktok,base+creator+jump+cnorm,"hgb(lr=0.03,leaves=15,min_leaf=40)",1296,482,0.9865,0.9863,0.56,0.9765,0.9481,0.9621,0.9481,0.0143
60,Tiktok,base+creator+jump+cnorm,"hgb(lr=0.03,leaves=31,min_leaf=20)",1296,482,0.9865,0.9856,0.57,0.9722,0.9419,0.9568,0.9419,0.0169
60,Tiktok,base+creator+jump+cnorm,"hgb(lr=0.03,leaves=31,min_leaf=40)",1296,482,0.9864,0.9862,0.54,0.9744,0.9481,0.9611,0.9481,0.0154
60,Tiktok,base+creator+jump+cnorm,"hgb(lr=0.06,leaves=15,min_leaf=20)",1296,482,0.987,0.9861,0.68,0.9784,0.9378,0.9576,0.9378,0.0213
60,Tiktok,base+creator+jump+cnorm,"hgb(lr=0.06,leaves=15,min_leaf=40)",1296,482,0.9865,0.986,0.72,0.9847,0.9378,0.9607,0.9378,0.0161
60,Tiktok,base+creator+jump+cnorm,"hgb(lr=0.06,leaves=31,min_leaf=20)",1296,482,0.9867,0.9858,0.61,0.9763,0.9398,0.9577,0.9398,0.0199
60,Tiktok,base+creator+jump+cnorm,"hgb(lr=0.06,leaves=31,min_leaf=40)",1296,482,0.9864,0.9859,0.56,0.9744,0.9481,0.9611,0.9481,0.0157
60,Tiktok,base+creator+jump+cnorm,random_forest(min_leaf=3),1296,482,0.9854,0.9837,0.45,0.9585,0.9585,0.9585,0.9585,0.046
60,Tiktok,base+creator+jump+cnorm,random_forest(min_leaf=10),1296,482,0.9843,0.9816,0.5,0.9616,0.9357,0.9485,0.9357,0.0579
60,Tiktok,base+creator+jump+cnorm,extra_trees(min_leaf=3),1296,482,0.9848,0.9818,0.49,0.9702,0.9461,0.958,0.9461,0.0588
60,Tiktok,base+creator+jump+cnorm,extra_trees(min_leaf=10),1296,482,0.9816,0.978,0.5,0.9677,0.9315,0.9493,0.9315,0.0866
60,Instagram,base+creator,"hgb(lr=0.03,leaves=15,min_leaf=20)",2612,890,0.9681,0.9517,0.56,0.9155,0.8764,0.8955,0.8939,0.0339
60,Instagram,base+creator,"hgb(lr=0.03,leaves=15,min_leaf=40)",2612,890,0.9683,0.9542,0.63,0.9245,0.8663,0.8944,0.8878,0.0323
60,Instagram,base+creator,"hgb(lr=0.03,leaves=31,min_leaf=20)",2612,890,0.9677,0.9521,0.53,0.9108,0.8831,0.8967,0.9012,0.0395
60,Instagram,base+creator,"hgb(lr=0.03,leaves=31,min_leaf=40)",2612,890,0.9687,0.9546,0.62,0.9235,0.8685,0.8952,0.8915,0.0347
60,Instagram,base+creator,"hgb(lr=0.06,leaves=15,min_leaf=20)",2612,890,0.9686,0.9525,0.7,0.9247,0.8697,0.8964,0.889,0.0449
60,Instagram,base+creator,"hgb(lr=0.06,leaves=15,min_leaf=40)",2612,890,0.9684,0.9538,0.58,0.9201,0.8798,0.8995,0.8963,0.0411
60,Instagram,base+creator,"hgb(lr=0.06,leaves=31,min_leaf=20)",2612,890,0.9671,0.952,0.46,0.9065,0.8933,0.8998,0.9073,0.0457
60,Instagram,base+creator,"hgb(lr=0.06,leaves=31,min_leaf=40)",2612,890,0.9667,0.9537,0.74,0.9344,0.864,0.8978,0.8878,0.0437
60,Instagram,base+creator,random_forest(min_leaf=3),2612,890,0.9661,0.9521,0.52,0.9203,0.8697,0.8943,0.8915,0.0338
60,Instagram,base+creator,random_forest(min_leaf=10),2612,890,0.9642,0.9487,0.48,0.9057,0.8742,0.8897,0.8963,0.0394
60,Instagram,base+creator,extra_trees(min_leaf=3),2612,890,0.9644,0.9476,0.47,0.9119,0.8607,0.8855,0.8829,0.0339
60,Instagram,base+creator,extra_trees(min_leaf=10),2612,890,0.9602,0.9402,0.47,0.9084,0.836,0.8707,0.8646,0.0489
60,Instagram,base+creator+jump+cnorm,"hgb(lr=0.03,leaves=15,min_leaf=20)",2612,890,0.9673,0.9518,0.5,0.9064,0.8809,0.8934,0.8988,0.0327
60,Instagram,base+creator+jump+cnorm,"hgb(lr=0.03,leaves=15,min_leaf=40)",2612,890,0.9678,0.9534,0.42,0.9002,0.8921,0.8962,0.9098,0.0314
60,Instagram,base+creator+jump+cnorm,"hgb(lr=0.03,leaves=31,min_leaf=20)",2612,890,0.9672,0.9514,0.49,0.9064,0.8809,0.8934,0.8988,0.0406
60,Instagram,base+creator+jump+cnorm,"hgb(lr=0.03,leaves=31,min_leaf=40)",2612,890,0.9672,0.9532,0.48,0.9087,0.8831,0.8957,0.9024,0.0362
60,Instagram,base+creator+jump+cnorm,"hgb(lr=0.06,leaves=15,min_leaf=20)",2612,890,0.966,0.951,0.53,0.9097,0.8831,0.8962,0.9012,0.0471
60,Instagram,base+creator+jump+cnorm,"hgb(lr=0.06,leaves=15,min_leaf=40)",2612,890,0.9665,0.9527,0.48,0.9083,0.8899,0.899,0.9085,0.0422
60,Instagram,base+creator+jump+cnorm,"hgb(lr=0.06,leaves=31,min_leaf=20)",2612,890,0.9658,0.9505,0.62,0.9187,0.8764,0.8971,0.8951,0.0496
60,Instagram,base+creator+jump+cnorm,"hgb(lr=0.06,leaves=31,min_leaf=40)",2612,890,0.9665,0.9523,0.46,0.9074,0.8921,0.8997,0.9073,0.045
60,Instagram,base+creator+jump+cnorm,random_forest(min_leaf=3),2612,890,0.9654,0.9495,0.49,0.9114,0.8787,0.8947,0.9,0.0326
60,Instagram,base+creator+jump+cnorm,random_forest(min_leaf=10),2612,890,0.9641,0.9489,0.51,0.9126,0.8685,0.89,0.889,0.0406
60,Instagram,base+creator+jump+cnorm,extra_trees(min_leaf=3),2612,890,0.9637,0.9476,0.49,0.9157,0.8539,0.8837,0.8768,0.0339
60,Instagram,base+creator+jump+cnorm,extra_trees(min_leaf=10),2612,890,0.9599,0.9401,0.49,0.9162,0.8348,0.8736,0.8598,0.0483
30,Tiktok,base+creator,"hgb(lr=0.03,leaves=15,min_leaf=20)",1175,407,0.9878,0.9773,0.47,0.9626,0.9484,0.9554,0.9484,0.0188
30,Tiktok,base+creator,"hgb(lr=0.03,leaves=15,min_leaf=40)",1175,407,0.9861,0.9744,0.48,0.9554,0.9484,0.9519,0.9484,0.0201
30,Tiktok,base+creator,"hgb(lr=0.03,leaves=31,min_leaf=20)",1175,407,0.9871,0.976,0.44,0.9626,0.9484,0.9554,0.9484,0.0191
30,Tiktok,base+creator,"hgb(lr=0.03,leaves=31,min_leaf=40)",1175,407,0.9861,0.9744,0.48,0.9554,0.9484,0.9519,0.9484,0.0201
30,Tiktok,base+creator,"hgb(lr=0.06,leaves=15,min_leaf=20)",1175,407,0.9877,0.9789,0.29,0.9581,0.9558,0.9569,0.9558,0.0228
30,Tiktok,base+creator,"hgb(lr=0.06,leaves=15,min_leaf=40)",1175,407,0.9857,0.9742,0.39,0.9509,0.9509,0.9509,0.9509,0.0245
30,Tiktok,base+creator,"hgb(lr=0.06,leaves=31,min_leaf=20)",1175,407,0.9875,0.9796,0.26,0.9512,0.9582,0.9547,0.9582,0.0245
30,Tiktok,base+creator,"hgb(lr=0.06,leaves=31,min_leaf=40)",1175,407,0.9857,0.9742,0.38,0.9509,0.9509,0.9509,0.9509,0.0245
30,Tiktok,base+creator,random_forest(min_leaf=3),1175,407,0.9861,0.9748,0.39,0.9444,0.9607,0.9525,0.9607,0.0377
30,Tiktok,base+creator,random_forest(min_leaf=10),1175,407,0.985,0.9758,0.47,0.9527,0.941,0.9468,0.941,0.0426
30,Tiktok,base+creator,extra_trees(min_leaf=3),1175,407,0.9876,0.981,0.37,0.9396,0.9558,0.9476,0.9558,0.0399
30,Tiktok,base+creator,extra_trees(min_leaf=10),1175,407,0.9848,0.977,0.35,0.9327,0.9533,0.9429,0.9533,0.0617
30,Tiktok,base+creator+jump+cnorm,"hgb(lr=0.03,leaves=15,min_leaf=20)",1175,407,0.9883,0.9761,0.24,0.9493,0.9656,0.9574,0.9656,0.0174
30,Tiktok,base+creator+jump+cnorm,"hgb(lr=0.03,leaves=15,min_leaf=40)",1175,407,0.9888,0.9792,0.27,0.947,0.9656,0.9562,0.9656,0.0188
30,Tiktok,base+creator+jump+cnorm,"hgb(lr=0.03,leaves=31,min_leaf=20)",1175,407,0.9882,0.9758,0.28,0.9515,0.9631,0.9573,0.9631,0.0179
30,Tiktok,base+creator+jump+cnorm,"hgb(lr=0.03,leaves=31,min_leaf=40)",1175,407,0.9888,0.9792,0.27,0.947,0.9656,0.9562,0.9656,0.0188
30,Tiktok,base+creator+jump+cnorm,"hgb(lr=0.06,leaves=15,min_leaf=20)",1175,407,0.9884,0.9774,0.54,0.9651,0.9509,0.9579,0.9509,0.0203
30,Tiktok,base+creator+jump+cnorm,"hgb(lr=0.06,leaves=15,min_leaf=40)",1175,407,0.9889,0.9801,0.32,0.9562,0.9656,0.9609,0.9656,0.0226
30,Tiktok,base+creator+jump+cnorm,"hgb(lr=0.06,leaves=31,min_leaf=20)",1175,407,0.9882,0.9757,0.58,0.9722,0.9459,0.9589,0.9459,0.0215
30,Tiktok,base+creator+jump+cnorm,"hgb(lr=0.06,leaves=31,min_leaf=40)",1175,407,0.9889,0.9801,0.32,0.9562,0.9656,0.9609,0.9656,0.0226
30,Tiktok,base+creator+jump+cnorm,random_forest(min_leaf=3),1175,407,0.9864,0.9795,0.4,0.9444,0.9607,0.9525,0.9607,0.0384
30,Tiktok,base+creator+jump+cnorm,random_forest(min_leaf=10),1175,407,0.9853,0.9755,0.41,0.9438,0.9484,0.9461,0.9484,0.0446
30,Tiktok,base+creator+jump+cnorm,extra_trees(min_leaf=3),1175,407,0.9868,0.9803,0.45,0.9463,0.9533,0.9498,0.9533,0.0423
30,Tiktok,base+creator+jump+cnorm,extra_trees(min_leaf=10),1175,407,0.9848,0.9765,0.4,0.9455,0.9386,0.942,0.9386,0.0669
30,Instagram,base+creator,"hgb(lr=0.03,leaves=15,min_leaf=20)",2455,724,0.9588,0.936,0.55,0.9098,0.8356,0.8711,0.8616,0.034
30,Instagram,base+creator,"hgb(lr=0.03,leaves=15,min_leaf=40)",2455,724,0.9582,0.9348,0.67,0.9253,0.8218,0.8705,0.8513,0.0351
30,Instagram,base+creator,"hgb(lr=0.03,leaves=31,min_leaf=20)",2455,724,0.9574,0.936,0.51,0.9048,0.8398,0.8711,0.866,0.0418
30,Instagram,base+creator,"hgb(lr=0.03,leaves=31,min_leaf=40)",2455,724,0.9568,0.9343,0.57,0.9121,0.8315,0.8699,0.8601,0.0399
30,Instagram,base+creator,"hgb(lr=0.06,leaves=15,min_leaf=20)",2455,724,0.9579,0.9349,0.64,0.919,0.8301,0.8723,0.8571,0.0467
30,Instagram,base+creator,"hgb(lr=0.06,leaves=15,min_leaf=40)",2455,724,0.9579,0.9349,0.57,0.9111,0.8356,0.8718,0.8645,0.0484
30,Instagram,base+creator,"hgb(lr=0.06,leaves=31,min_leaf=20)",2455,724,0.9566,0.9356,0.55,0.9104,0.8425,0.8752,0.8675,0.0504
30,Instagram,base+creator,"hgb(lr=0.06,leaves=31,min_leaf=40)",2455,724,0.9558,0.9338,0.63,0.9232,0.8301,0.8742,0.8586,0.0489
30,Instagram,base+creator,random_forest(min_leaf=3),2455,724,0.9557,0.9342,0.51,0.9124,0.8343,0.8716,0.8616,0.0295
30,Instagram,base+creator,random_forest(min_leaf=10),2455,724,0.953,0.9294,0.5,0.9117,0.8273,0.8675,0.8586,0.0385
30,Instagram,base+creator,extra_trees(min_leaf=3),2455,724,0.9546,0.9294,0.45,0.901,0.8425,0.8708,0.8675,0.033
30,Instagram,base+creator,extra_trees(min_leaf=10),2455,724,0.9499,0.9151,0.46,0.9003,0.8232,0.86,0.8483,0.0473
30,Instagram,base+creator+jump+cnorm,"hgb(lr=0.03,leaves=15,min_leaf=20)",2455,724,0.9592,0.9376,0.47,0.9006,0.8508,0.875,0.8733,0.0327
30,Instagram,base+creator+jump+cnorm,"hgb(lr=0.03,leaves=15,min_leaf=40)",2455,724,0.9602,0.9388,0.46,0.9032,0.8633,0.8828,0.8822,0.031
30,Instagram,base+creator+jump+cnorm,"hgb(lr=0.03,leaves=31,min_leaf=20)",2455,724,0.958,0.9371,0.41,0.9003,0.8605,0.8799,0.8851,0.0406
30,Instagram,base+creator+jump+cnorm,"hgb(lr=0.03,leaves=31,min_leaf=40)",2455,724,0.9573,0.9379,0.42,0.9003,0.8605,0.8799,0.8792,0.036
30,Instagram,base+creator+jump+cnorm,"hgb(lr=0.06,leaves=15,min_leaf=20)",2455,724,0.9592,0.9373,0.43,0.9025,0.8564,0.8788,0.8748,0.0447
30,Instagram,base+creator+jump+cnorm,"hgb(lr=0.06,leaves=15,min_leaf=40)",2455,724,0.9593,0.9374,0.41,0.9006,0.8633,0.8815,0.8837,0.0451
30,Instagram,base+creator+jump+cnorm,"hgb(lr=0.06,leaves=31,min_leaf=20)",2455,724,0.9573,0.9361,0.4,0.9014,0.8591,0.8798,0.8807,0.0517
30,Instagram,base+creator+jump+cnorm,"hgb(lr=0.06,leaves=31,min_leaf=40)",2455,724,0.957,0.9378,0.49,0.9072,0.8508,0.8781,0.8748,0.0474
30,Instagram,base+creator+jump+cnorm,random_forest(min_leaf=3),2455,724,0.9556,0.9361,0.47,0.9004,0.8494,0.8742,0.8748,0.0309
30,Instagram,base+creator+jump+cnorm,random_forest(min_leaf=10),2455,724,0.9546,0.9331,0.47,0.9036,0.8412,0.8712,0.8645,0.0388
30,Instagram,base+creator+jump+cnorm,extra_trees(min_leaf=3),2455,724,0.9555,0.9305,0.45,0.9,0.8453,0.8718,0.8675,0.0348
30,Instagram,base+creator+jump+cnorm,extra_trees(min_leaf=10),2455,724,0.9512,0.9181,0.5,0.9061,0.7997,0.8496,0.8247,0.0484
14,Tiktok,base+creator,"hgb(lr=0.03,leaves=15,min_leaf=20)",976,240,0.9955,0.9882,0.66,0.9739,0.9333,0.9532,0.9333,0.0128
14,Tiktok,base+creator,"hgb(lr=0.03,leaves=15,min_leaf=40)",976,240,0.9953,0.9883,0.29,0.9431,0.9667,0.9547,0.9667,0.0095
14,Tiktok,base+creator,"hgb(lr=0.03,leaves=31,min_leaf=20)",976,240,0.9955,0.9882,0.66,0.9739,0.9333,0.9532,0.9333,0.0128
14,Tiktok,base+creator,"hgb(lr=0.03,leaves=31,min_leaf=40)",976,240,0.9953,0.9883,0.29,0.9431,0.9667,0.9547,0.9667,0.0095
14,Tiktok,base+creator,"hgb(lr=0.06,leaves=15,min_leaf=20)",976,240,0.9959,0.9889,0.53,0.9619,0.9458,0.9538,0.9458,0.0137
14,Tiktok,base+creator,"hgb(lr=0.06,leaves=15,min_leaf=40)",976,240,0.9961,0.9898,0.23,0.9431,0.9667,0.9547,0.9667,0.0114
14,Tiktok,base+creator,"hgb(lr=0.06,leaves=31,min_leaf=20)",976,240,0.9959,0.9889,0.53,0.9619,0.9458,0.9538,0.9458,0.0137
14,Tiktok,base+creator,"hgb(lr=0.06,leaves=31,min_leaf=40)",976,240,0.9961,0.9898,0.23,0.9431,0.9667,0.9547,0.9667,0.0114
14,Tiktok,base+creator,random_forest(min_leaf=3),976,240,0.9935,0.9809,0.4,0.9309,0.9542,0.9424,0.9542,0.0296
14,Tiktok,base+creator,random_forest(min_leaf=10),976,240,0.9919,0.9779,0.4,0.9221,0.9375,0.9298,0.9375,0.0345
14,Tiktok,base+creator,extra_trees(min_leaf=3),976,240,0.9933,0.9781,0.3,0.92,0.9583,0.9388,0.9583,0.0309
14,Tiktok,base+creator,extra_trees(min_leaf=10),976,240,0.9921,0.9752,0.32,0.9224,0.9417,0.932,0.9417,0.05
14,Tiktok,base+creator+jump+cnorm,"hgb(lr=0.03,leaves=15,min_leaf=20)",976,240,0.9949,0.9868,0.6,0.9615,0.9375,0.9494,0.9375,0.0144
14,Tiktok,base+creator+jump+cnorm,"hgb(lr=0.03,leaves=15,min_leaf=40)",976,240,0.995,0.9877,0.66,0.9697,0.9333,0.9512,0.9333,0.0143
14,Tiktok,base+creator+jump+cnorm,"hgb(lr=0.03,leaves=31,min_leaf=20)",976,240,0.9949,0.9868,0.6,0.9615,0.9375,0.9494,0.9375,0.0144
14,Tiktok,base+creator+jump+cnorm,"hgb(lr=0.03,leaves=31,min_leaf=40)",976,240,0.995,0.9877,0.66,0.9697,0.9333,0.9512,0.9333,0.0143
14,Tiktok,base+creator+jump+cnorm,"hgb(lr=0.06,leaves=15,min_leaf=20)",976,240,0.9951,0.9872,0.72,0.9696,0.9292,0.9489,0.9292,0.018
14,Tiktok,base+creator+jump+cnorm,"hgb(lr=0.06,leaves=15,min_leaf=40)",976,240,0.9953,0.9885,0.6,0.9658,0.9417,0.9536,0.9417,0.0153
14,Tiktok,base+creator+jump+cnorm,"hgb(lr=0.06,leaves=31,min_leaf=20)",976,240,0.9951,0.9872,0.72,0.9696,0.9292,0.9489,0.9292,0.018
14,Tiktok,base+creator+jump+cnorm,"hgb(lr=0.06,leaves=31,min_leaf=40)",976,240,0.9953,0.9885,0.6,0.9658,0.9417,0.9536,0.9417,0.0153
14,Tiktok,base+creator+jump+cnorm,random_forest(min_leaf=3),976,240,0.9937,0.9818,0.41,0.9306,0.95,0.9402,0.95,0.0305
14,Tiktok,base+creator+jump+cnorm,random_forest(min_leaf=10),976,240,0.992,0.977,0.39,0.9153,0.9458,0.9303,0.9458,0.0385
14,Tiktok,base+creator+jump+cnorm,extra_trees(min_leaf=3),976,240,0.9935,0.9801,0.35,0.9303,0.9458,0.938,0.9458,0.032
14,Tiktok,base+creator+jump+cnorm,extra_trees(min_leaf=10),976,240,0.9916,0.9732,0.34,0.9298,0.9375,0.9336,0.9375,0.0558
14,Instagram,base+creator,"hgb(lr=0.03,leaves=15,min_leaf=20)",2087,427,0.9542,0.9092,0.56,0.9034,0.8103,0.8543,0.8399,0.0261
14,Instagram,base+creator,"hgb(lr=0.03,leaves=15,min_leaf=40)",2087,427,0.9525,0.9094,0.56,0.9096,0.8009,0.8518,0.8399,0.0301
14,Instagram,base+creator,"hgb(lr=0.03,leaves=31,min_leaf=20)",2087,427,0.9523,0.9115,0.54,0.9013,0.8126,0.8547,0.8451,0.0323
14,Instagram,base+creator,"hgb(lr=0.03,leaves=31,min_leaf=40)",2087,427,0.9522,0.9113,0.48,0.9,0.822,0.8592,0.853,0.0289
14,Instagram,base+creator,"hgb(lr=0.06,leaves=15,min_leaf=20)",2087,427,0.9532,0.9103,0.64,0.9074,0.8033,0.8522,0.8399,0.038
14,Instagram,base+creator,"hgb(lr=0.06,leaves=15,min_leaf=40)",2087,427,0.9533,0.9115,0.55,0.906,0.8126,0.8568,0.8504,0.0342
14,Instagram,base+creator,"hgb(lr=0.06,leaves=31,min_leaf=20)",2087,427,0.9522,0.9141,0.6,0.9026,0.8033,0.8501,0.8346,0.0379
14,Instagram,base+creator,"hgb(lr=0.06,leaves=31,min_leaf=40)",2087,427,0.9528,0.9138,0.58,0.9105,0.8103,0.8575,0.8504,0.0356
14,Instagram,base+creator,random_forest(min_leaf=3),2087,427,0.9518,0.9086,0.49,0.901,0.8103,0.8533,0.8346,0.0194
14,Instagram,base+creator,random_forest(min_leaf=10),2087,427,0.9516,0.9057,0.54,0.9235,0.7916,0.8525,0.8189,0.0265
14,Instagram,base+creator,extra_trees(min_leaf=3),2087,427,0.953,0.9127,0.51,0.9185,0.7916,0.8503,0.8268,0.0252
14,Instagram,base+creator,extra_trees(min_leaf=10),2087,427,0.9493,0.8945,0.5,0.9104,0.7611,0.8291,0.811,0.0345
14,Instagram,base+creator+jump+cnorm,"hgb(lr=0.03,leaves=15,min_leaf=20)",2087,427,0.9504,0.9103,0.64,0.9003,0.7822,0.8371,0.8268,0.0308
14,Instagram,base+creator+jump+cnorm,"hgb(lr=0.03,leaves=15,min_leaf=40)",2087,427,0.9526,0.9138,0.51,0.901,0.8103,0.8533,0.8451,0.028
14,Instagram,base+creator+jump+cnorm,"hgb(lr=0.03,leaves=31,min_leaf=20)",2087,427,0.9524,0.9122,0.56,0.9005,0.8056,0.8504,0.8399,0.034
14,Instagram,base+creator+jump+cnorm,"hgb(lr=0.03,leaves=31,min_leaf=40)",2087,427,0.953,0.9125,0.61,0.9113,0.7939,0.8486,0.832,0.0314
14,Instagram,base+creator+jump+cnorm,"hgb(lr=0.06,leaves=15,min_leaf=20)",2087,427,0.9502,0.9119,0.69,0.9005,0.7845,0.8385,0.8294,0.0401
14,Instagram,base+creator+jump+cnorm,"hgb(lr=0.06,leaves=15,min_leaf=40)",2087,427,0.9515,0.912,0.64,0.9122,0.8033,0.8543,0.8451,0.0365
14,Instagram,base+creator+jump+cnorm,"hgb(lr=0.06,leaves=31,min_leaf=20)",2087,427,0.9506,0.913,0.61,0.9053,0.8056,0.8525,0.8346,0.0394
14,Instagram,base+creator+jump+cnorm,"hgb(lr=0.06,leaves=31,min_leaf=40)",2087,427,0.9525,0.9133,0.58,0.9084,0.8126,0.8578,0.8425,0.0364
14,Instagram,base+creator+jump+cnorm,random_forest(min_leaf=3),2087,427,0.9524,0.9141,0.49,0.9079,0.808,0.855,0.8373,0.0196
14,Instagram,base+creator+jump+cnorm,random_forest(min_leaf=10),2087,427,0.952,0.91,0.52,0.9237,0.7939,0.8539,0.8241,0.0263
14,Instagram,base+creator+jump+cnorm,extra_trees(min_leaf=3),2087,427,0.9516,0.9128,0.46,0.9,0.8009,0.8476,0.832,0.0269
14,Instagram,base+creator+jump+cnorm,extra_trees(min_leaf=10),2087,427,0.9478,0.8938,0.47,0.9063,0.7705,0.8329,0.811,0.042
