age_days,median_share_of_day120_views,posts
0,0.0907,187
1,0.2167,583
2,0.3182,544
3,0.3815,576
4,0.4336,566
5,0.4680,577
6,0.4984,600
7,0.5421,606
8,0.5738,509
9,0.5928,469
10,0.6080,489
11,0.6248,484
12,0.6457,480
13,0.6629,485
14,0.6722,588
15,0.6828,499
16,0.7045,486
17,0.7127,484
18,0.7190,489
19,0.7258,498
20,0.7373,519
21,0.7427,580
22,0.7553,545
23,0.7688,554
24,0.7795,556
25,0.7805,558
26,0.7907,560
27,0.8054,563
28,0.8019,582
29,0.8162,555
30,0.8198,562
31,0.8264,529
32,0.8293,543
33,0.8402,546
34,0.8399,549
35,0.8485,571
36,0.8535,564
37,0.8553,592
38,0.8649,585
39,0.8696,565
40,0.8709,567
41,0.8805,556
42,0.8814,568
43,0.8849,557
44,0.8858,566
45,0.8886,540
46,0.8914,562
47,0.8946,550
48,0.9021,565
49,0.9055,581
50,0.9080,576
51,0.9065,579
52,0.9148,583
53,0.9151,573
54,0.9177,559
55,0.9225,575
56,0.9245,575
57,0.9250,568
58,0.9309,574
59,0.9336,562
60,0.9371,570
61,0.9361,567
62,0.9398,570
63,0.9429,565
64,0.9418,559
65,0.9446,587
66,0.9450,574
67,0.9478,560
68,0.9489,569
69,0.9519,578
70,0.9534,565
71,0.9547,582
72,0.9559,554
73,0.9570,561
74,0.9594,552
75,0.9605,565
76,0.9604,548
77,0.9626,561
78,0.9631,570
79,0.9654,556
80,0.9654,584
81,0.9672,571
82,0.9678,576
83,0.9693,570
84,0.9707,572
85,0.9710,560
86,0.9715,568
87,0.9742,595
88,0.9757,565
89,0.9762,566
90,0.9773,549
91,0.9777,570
92,0.9787,590
93,0.9786,585
94,0.9804,590
95,0.9813,582
96,0.9816,568
97,0.9830,584
98,0.9827,581
99,0.9846,576
100,0.9845,585
101,0.9852,585
102,0.9859,599
103,0.9865,578
104,0.9881,574
105,0.9881,590
106,0.9894,574
107,0.9895,587
108,0.9903,586
109,0.9904,608
110,0.9910,574
111,0.9916,563
112,0.9920,570
113,0.9923,583
114,0.9928,562
115,0.9933,550
116,0.9941,559
117,0.9945,561
118,0.9951,534
119,0.9952,542
120,0.9960,528
121,0.9963,534
122,0.9967,527
123,0.9971,506
124,0.9975,496
125,0.9979,483
126,0.9984,482
127,0.9988,475
128,0.9994,480
129,1.0000,472
130,1.0000,469
